Image File Name,Label
positive_whole1_combined.jpg,positive
negative_normalizedcut11_combined.jpg,negative
negative_normalizedcut21_combined.jpg,negative
negative_normalizedcut31_combined.jpg,negative
positive_normalizedcut41_combined.jpg,positive
negative_normalizedcut51_combined.jpg,negative
negative_normalizedcut61_combined.jpg,negative
negative_normalizedcut71_combined.jpg,negative
negative_normalizedcut81_combined.jpg,negative
positive_normalizedcut91_combined.jpg,positive
negative_normalizedcut101_combined.jpg,negative
positive_whole_rot1_combined.jpg,positive
positive_whole_rot901_combined.jpg,positive
positive_whole_rot1801_combined.jpg,positive
positive_whole_rot2701_combined.jpg,positive
negative_normalizedcut1_rot1_combined.jpg,negative
negative_normalizedcut1_rot901_combined.jpg,negative
negative_normalizedcut1_rot1801_combined.jpg,negative
negative_normalizedcut1_rot2701_combined.jpg,negative
negative_normalizedcut2_rot1_combined.jpg,negative
negative_normalizedcut2_rot901_combined.jpg,negative
negative_normalizedcut2_rot1801_combined.jpg,negative
negative_normalizedcut2_rot2701_combined.jpg,negative
negative_normalizedcut3_rot1_combined.jpg,negative
negative_normalizedcut3_rot901_combined.jpg,negative
negative_normalizedcut3_rot1801_combined.jpg,negative
negative_normalizedcut3_rot2701_combined.jpg,negative
positive_normalizedcut4_rot1_combined.jpg,positive
positive_normalizedcut4_rot901_combined.jpg,positive
positive_normalizedcut4_rot1801_combined.jpg,positive
positive_normalizedcut4_rot2701_combined.jpg,positive
negative_normalizedcut5_rot1_combined.jpg,negative
negative_normalizedcut5_rot901_combined.jpg,negative
negative_normalizedcut5_rot1801_combined.jpg,negative
negative_normalizedcut5_rot2701_combined.jpg,negative
negative_normalizedcut6_rot1_combined.jpg,negative
negative_normalizedcut6_rot901_combined.jpg,negative
negative_normalizedcut6_rot1801_combined.jpg,negative
negative_normalizedcut6_rot2701_combined.jpg,negative
negative_normalizedcut7_rot1_combined.jpg,negative
negative_normalizedcut7_rot901_combined.jpg,negative
negative_normalizedcut7_rot1801_combined.jpg,negative
negative_normalizedcut7_rot2701_combined.jpg,negative
negative_normalizedcut8_rot1_combined.jpg,negative
negative_normalizedcut8_rot901_combined.jpg,negative
negative_normalizedcut8_rot1801_combined.jpg,negative
negative_normalizedcut8_rot2701_combined.jpg,negative
positive_normalizedcut9_rot1_combined.jpg,positive
positive_normalizedcut9_rot901_combined.jpg,positive
positive_normalizedcut9_rot1801_combined.jpg,positive
positive_normalizedcut9_rot2701_combined.jpg,positive
negative_normalizedcut10_rot1_combined.jpg,negative
negative_normalizedcut10_rot901_combined.jpg,negative
negative_normalizedcut10_rot1801_combined.jpg,negative
negative_normalizedcut10_rot2701_combined.jpg,negative
positive_wholevertmirror1_combined.jpg,positive
positive_wholehorizmirror1_combined.jpg,positive
negative_normalizedcut1vertmirror1_combined.jpg,negative
negative_normalizedcut1horizmirror1_combined.jpg,negative
negative_normalizedcut2vertmirror1_combined.jpg,negative
negative_normalizedcut2horizmirror1_combined.jpg,negative
negative_normalizedcut3vertmirror1_combined.jpg,negative
negative_normalizedcut3horizmirror1_combined.jpg,negative
positive_normalizedcut4vertmirror1_combined.jpg,positive
positive_normalizedcut4horizmirror1_combined.jpg,positive
negative_normalizedcut5vertmirror1_combined.jpg,negative
negative_normalizedcut5horizmirror1_combined.jpg,negative
negative_normalizedcut6vertmirror1_combined.jpg,negative
negative_normalizedcut6horizmirror1_combined.jpg,negative
negative_normalizedcut7vertmirror1_combined.jpg,negative
negative_normalizedcut7horizmirror1_combined.jpg,negative
negative_normalizedcut8vertmirror1_combined.jpg,negative
negative_normalizedcut8horizmirror1_combined.jpg,negative
positive_normalizedcut9vertmirror1_combined.jpg,positive
positive_normalizedcut9horizmirror1_combined.jpg,positive
negative_normalizedcut10vertmirror1_combined.jpg,negative
negative_normalizedcut10horizmirror1_combined.jpg,negative
positive_whole_rotvertmirror1_combined.jpg,positive
positive_whole_rothorizmirror1_combined.jpg,positive
positive_whole_rot90vertmirror1_combined.jpg,positive
positive_whole_rot90horizmirror1_combined.jpg,positive
positive_whole_rot180vertmirror1_combined.jpg,positive
positive_whole_rot180horizmirror1_combined.jpg,positive
positive_whole_rot270vertmirror1_combined.jpg,positive
positive_whole_rot270horizmirror1_combined.jpg,positive
negative_normalizedcut1_rotvertmirror1_combined.jpg,negative
negative_normalizedcut1_rothorizmirror1_combined.jpg,negative
negative_normalizedcut1_rot90vertmirror1_combined.jpg,negative
negative_normalizedcut1_rot90horizmirror1_combined.jpg,negative
negative_normalizedcut1_rot180vertmirror1_combined.jpg,negative
negative_normalizedcut1_rot180horizmirror1_combined.jpg,negative
negative_normalizedcut1_rot270vertmirror1_combined.jpg,negative
negative_normalizedcut1_rot270horizmirror1_combined.jpg,negative
negative_normalizedcut2_rotvertmirror1_combined.jpg,negative
negative_normalizedcut2_rothorizmirror1_combined.jpg,negative
negative_normalizedcut2_rot90vertmirror1_combined.jpg,negative
negative_normalizedcut2_rot90horizmirror1_combined.jpg,negative
negative_normalizedcut2_rot180vertmirror1_combined.jpg,negative
negative_normalizedcut2_rot180horizmirror1_combined.jpg,negative
negative_normalizedcut2_rot270vertmirror1_combined.jpg,negative
negative_normalizedcut2_rot270horizmirror1_combined.jpg,negative
negative_normalizedcut3_rotvertmirror1_combined.jpg,negative
negative_normalizedcut3_rothorizmirror1_combined.jpg,negative
negative_normalizedcut3_rot90vertmirror1_combined.jpg,negative
negative_normalizedcut3_rot90horizmirror1_combined.jpg,negative
negative_normalizedcut3_rot180vertmirror1_combined.jpg,negative
negative_normalizedcut3_rot180horizmirror1_combined.jpg,negative
negative_normalizedcut3_rot270vertmirror1_combined.jpg,negative
negative_normalizedcut3_rot270horizmirror1_combined.jpg,negative
positive_normalizedcut4_rotvertmirror1_combined.jpg,positive
positive_normalizedcut4_rothorizmirror1_combined.jpg,positive
positive_normalizedcut4_rot90vertmirror1_combined.jpg,positive
positive_normalizedcut4_rot90horizmirror1_combined.jpg,positive
positive_normalizedcut4_rot180vertmirror1_combined.jpg,positive
positive_normalizedcut4_rot180horizmirror1_combined.jpg,positive
positive_normalizedcut4_rot270vertmirror1_combined.jpg,positive
positive_normalizedcut4_rot270horizmirror1_combined.jpg,positive
negative_normalizedcut5_rotvertmirror1_combined.jpg,negative
negative_normalizedcut5_rothorizmirror1_combined.jpg,negative
negative_normalizedcut5_rot90vertmirror1_combined.jpg,negative
negative_normalizedcut5_rot90horizmirror1_combined.jpg,negative
negative_normalizedcut5_rot180vertmirror1_combined.jpg,negative
negative_normalizedcut5_rot180horizmirror1_combined.jpg,negative
negative_normalizedcut5_rot270vertmirror1_combined.jpg,negative
negative_normalizedcut5_rot270horizmirror1_combined.jpg,negative
negative_normalizedcut6_rotvertmirror1_combined.jpg,negative
negative_normalizedcut6_rothorizmirror1_combined.jpg,negative
negative_normalizedcut6_rot90vertmirror1_combined.jpg,negative
negative_normalizedcut6_rot90horizmirror1_combined.jpg,negative
negative_normalizedcut6_rot180vertmirror1_combined.jpg,negative
negative_normalizedcut6_rot180horizmirror1_combined.jpg,negative
negative_normalizedcut6_rot270vertmirror1_combined.jpg,negative
negative_normalizedcut6_rot270horizmirror1_combined.jpg,negative
negative_normalizedcut7_rotvertmirror1_combined.jpg,negative
negative_normalizedcut7_rothorizmirror1_combined.jpg,negative
negative_normalizedcut7_rot90vertmirror1_combined.jpg,negative
negative_normalizedcut7_rot90horizmirror1_combined.jpg,negative
negative_normalizedcut7_rot180vertmirror1_combined.jpg,negative
negative_normalizedcut7_rot180horizmirror1_combined.jpg,negative
negative_normalizedcut7_rot270vertmirror1_combined.jpg,negative
negative_normalizedcut7_rot270horizmirror1_combined.jpg,negative
negative_normalizedcut8_rotvertmirror1_combined.jpg,negative
negative_normalizedcut8_rothorizmirror1_combined.jpg,negative
negative_normalizedcut8_rot90vertmirror1_combined.jpg,negative
negative_normalizedcut8_rot90horizmirror1_combined.jpg,negative
negative_normalizedcut8_rot180vertmirror1_combined.jpg,negative
negative_normalizedcut8_rot180horizmirror1_combined.jpg,negative
negative_normalizedcut8_rot270vertmirror1_combined.jpg,negative
negative_normalizedcut8_rot270horizmirror1_combined.jpg,negative
positive_normalizedcut9_rotvertmirror1_combined.jpg,positive
positive_normalizedcut9_rothorizmirror1_combined.jpg,positive
positive_normalizedcut9_rot90vertmirror1_combined.jpg,positive
positive_normalizedcut9_rot90horizmirror1_combined.jpg,positive
positive_normalizedcut9_rot180vertmirror1_combined.jpg,positive
positive_normalizedcut9_rot180horizmirror1_combined.jpg,positive
positive_normalizedcut9_rot270vertmirror1_combined.jpg,positive
positive_normalizedcut9_rot270horizmirror1_combined.jpg,positive
negative_normalizedcut10_rotvertmirror1_combined.jpg,negative
negative_normalizedcut10_rothorizmirror1_combined.jpg,negative
negative_normalizedcut10_rot90vertmirror1_combined.jpg,negative
negative_normalizedcut10_rot90horizmirror1_combined.jpg,negative
negative_normalizedcut10_rot180vertmirror1_combined.jpg,negative
negative_normalizedcut10_rot180horizmirror1_combined.jpg,negative
negative_normalizedcut10_rot270vertmirror1_combined.jpg,negative
negative_normalizedcut10_rot270horizmirror1_combined.jpg,negative
positive_whole2_combined.jpg,positive
negative_normalizedcut12_combined.jpg,negative
negative_normalizedcut22_combined.jpg,negative
negative_normalizedcut32_combined.jpg,negative
positive_normalizedcut42_combined.jpg,positive
negative_normalizedcut52_combined.jpg,negative
negative_normalizedcut62_combined.jpg,negative
negative_normalizedcut72_combined.jpg,negative
negative_normalizedcut82_combined.jpg,negative
positive_normalizedcut92_combined.jpg,positive
positive_normalizedcut102_combined.jpg,positive
positive_whole_rot2_combined.jpg,positive
positive_whole_rot902_combined.jpg,positive
positive_whole_rot1802_combined.jpg,positive
positive_whole_rot2702_combined.jpg,positive
negative_normalizedcut1_rot2_combined.jpg,negative
negative_normalizedcut1_rot902_combined.jpg,negative
negative_normalizedcut1_rot1802_combined.jpg,negative
negative_normalizedcut1_rot2702_combined.jpg,negative
negative_normalizedcut2_rot2_combined.jpg,negative
negative_normalizedcut2_rot902_combined.jpg,negative
negative_normalizedcut2_rot1802_combined.jpg,negative
negative_normalizedcut2_rot2702_combined.jpg,negative
negative_normalizedcut3_rot2_combined.jpg,negative
negative_normalizedcut3_rot902_combined.jpg,negative
negative_normalizedcut3_rot1802_combined.jpg,negative
negative_normalizedcut3_rot2702_combined.jpg,negative
positive_normalizedcut4_rot2_combined.jpg,positive
positive_normalizedcut4_rot902_combined.jpg,positive
positive_normalizedcut4_rot1802_combined.jpg,positive
positive_normalizedcut4_rot2702_combined.jpg,positive
negative_normalizedcut5_rot2_combined.jpg,negative
negative_normalizedcut5_rot902_combined.jpg,negative
negative_normalizedcut5_rot1802_combined.jpg,negative
negative_normalizedcut5_rot2702_combined.jpg,negative
negative_normalizedcut6_rot2_combined.jpg,negative
negative_normalizedcut6_rot902_combined.jpg,negative
negative_normalizedcut6_rot1802_combined.jpg,negative
negative_normalizedcut6_rot2702_combined.jpg,negative
negative_normalizedcut7_rot2_combined.jpg,negative
negative_normalizedcut7_rot902_combined.jpg,negative
negative_normalizedcut7_rot1802_combined.jpg,negative
negative_normalizedcut7_rot2702_combined.jpg,negative
negative_normalizedcut8_rot2_combined.jpg,negative
negative_normalizedcut8_rot902_combined.jpg,negative
negative_normalizedcut8_rot1802_combined.jpg,negative
negative_normalizedcut8_rot2702_combined.jpg,negative
positive_normalizedcut9_rot2_combined.jpg,positive
positive_normalizedcut9_rot902_combined.jpg,positive
positive_normalizedcut9_rot1802_combined.jpg,positive
positive_normalizedcut9_rot2702_combined.jpg,positive
positive_normalizedcut10_rot2_combined.jpg,positive
positive_normalizedcut10_rot902_combined.jpg,positive
positive_normalizedcut10_rot1802_combined.jpg,positive
positive_normalizedcut10_rot2702_combined.jpg,positive
positive_wholevertmirror2_combined.jpg,positive
positive_wholehorizmirror2_combined.jpg,positive
negative_normalizedcut1vertmirror2_combined.jpg,negative
negative_normalizedcut1horizmirror2_combined.jpg,negative
negative_normalizedcut2vertmirror2_combined.jpg,negative
negative_normalizedcut2horizmirror2_combined.jpg,negative
negative_normalizedcut3vertmirror2_combined.jpg,negative
negative_normalizedcut3horizmirror2_combined.jpg,negative
positive_normalizedcut4vertmirror2_combined.jpg,positive
positive_normalizedcut4horizmirror2_combined.jpg,positive
negative_normalizedcut5vertmirror2_combined.jpg,negative
negative_normalizedcut5horizmirror2_combined.jpg,negative
negative_normalizedcut6vertmirror2_combined.jpg,negative
negative_normalizedcut6horizmirror2_combined.jpg,negative
negative_normalizedcut7vertmirror2_combined.jpg,negative
negative_normalizedcut7horizmirror2_combined.jpg,negative
negative_normalizedcut8vertmirror2_combined.jpg,negative
negative_normalizedcut8horizmirror2_combined.jpg,negative
positive_normalizedcut9vertmirror2_combined.jpg,positive
positive_normalizedcut9horizmirror2_combined.jpg,positive
positive_normalizedcut10vertmirror2_combined.jpg,positive
positive_normalizedcut10horizmirror2_combined.jpg,positive
positive_whole_rotvertmirror2_combined.jpg,positive
positive_whole_rothorizmirror2_combined.jpg,positive
positive_whole_rot90vertmirror2_combined.jpg,positive
positive_whole_rot90horizmirror2_combined.jpg,positive
positive_whole_rot180vertmirror2_combined.jpg,positive
positive_whole_rot180horizmirror2_combined.jpg,positive
positive_whole_rot270vertmirror2_combined.jpg,positive
positive_whole_rot270horizmirror2_combined.jpg,positive
negative_normalizedcut1_rotvertmirror2_combined.jpg,negative
negative_normalizedcut1_rothorizmirror2_combined.jpg,negative
negative_normalizedcut1_rot90vertmirror2_combined.jpg,negative
negative_normalizedcut1_rot90horizmirror2_combined.jpg,negative
negative_normalizedcut1_rot180vertmirror2_combined.jpg,negative
negative_normalizedcut1_rot180horizmirror2_combined.jpg,negative
negative_normalizedcut1_rot270vertmirror2_combined.jpg,negative
negative_normalizedcut1_rot270horizmirror2_combined.jpg,negative
negative_normalizedcut2_rotvertmirror2_combined.jpg,negative
negative_normalizedcut2_rothorizmirror2_combined.jpg,negative
negative_normalizedcut2_rot90vertmirror2_combined.jpg,negative
negative_normalizedcut2_rot90horizmirror2_combined.jpg,negative
negative_normalizedcut2_rot180vertmirror2_combined.jpg,negative
negative_normalizedcut2_rot180horizmirror2_combined.jpg,negative
negative_normalizedcut2_rot270vertmirror2_combined.jpg,negative
negative_normalizedcut2_rot270horizmirror2_combined.jpg,negative
negative_normalizedcut3_rotvertmirror2_combined.jpg,negative
negative_normalizedcut3_rothorizmirror2_combined.jpg,negative
negative_normalizedcut3_rot90vertmirror2_combined.jpg,negative
negative_normalizedcut3_rot90horizmirror2_combined.jpg,negative
negative_normalizedcut3_rot180vertmirror2_combined.jpg,negative
negative_normalizedcut3_rot180horizmirror2_combined.jpg,negative
negative_normalizedcut3_rot270vertmirror2_combined.jpg,negative
negative_normalizedcut3_rot270horizmirror2_combined.jpg,negative
positive_normalizedcut4_rotvertmirror2_combined.jpg,positive
positive_normalizedcut4_rothorizmirror2_combined.jpg,positive
positive_normalizedcut4_rot90vertmirror2_combined.jpg,positive
positive_normalizedcut4_rot90horizmirror2_combined.jpg,positive
positive_normalizedcut4_rot180vertmirror2_combined.jpg,positive
positive_normalizedcut4_rot180horizmirror2_combined.jpg,positive
positive_normalizedcut4_rot270vertmirror2_combined.jpg,positive
positive_normalizedcut4_rot270horizmirror2_combined.jpg,positive
negative_normalizedcut5_rotvertmirror2_combined.jpg,negative
negative_normalizedcut5_rothorizmirror2_combined.jpg,negative
negative_normalizedcut5_rot90vertmirror2_combined.jpg,negative
negative_normalizedcut5_rot90horizmirror2_combined.jpg,negative
negative_normalizedcut5_rot180vertmirror2_combined.jpg,negative
negative_normalizedcut5_rot180horizmirror2_combined.jpg,negative
negative_normalizedcut5_rot270vertmirror2_combined.jpg,negative
negative_normalizedcut5_rot270horizmirror2_combined.jpg,negative
negative_normalizedcut6_rotvertmirror2_combined.jpg,negative
negative_normalizedcut6_rothorizmirror2_combined.jpg,negative
negative_normalizedcut6_rot90vertmirror2_combined.jpg,negative
negative_normalizedcut6_rot90horizmirror2_combined.jpg,negative
negative_normalizedcut6_rot180vertmirror2_combined.jpg,negative
negative_normalizedcut6_rot180horizmirror2_combined.jpg,negative
negative_normalizedcut6_rot270vertmirror2_combined.jpg,negative
negative_normalizedcut6_rot270horizmirror2_combined.jpg,negative
negative_normalizedcut7_rotvertmirror2_combined.jpg,negative
negative_normalizedcut7_rothorizmirror2_combined.jpg,negative
negative_normalizedcut7_rot90vertmirror2_combined.jpg,negative
negative_normalizedcut7_rot90horizmirror2_combined.jpg,negative
negative_normalizedcut7_rot180vertmirror2_combined.jpg,negative
negative_normalizedcut7_rot180horizmirror2_combined.jpg,negative
negative_normalizedcut7_rot270vertmirror2_combined.jpg,negative
negative_normalizedcut7_rot270horizmirror2_combined.jpg,negative
negative_normalizedcut8_rotvertmirror2_combined.jpg,negative
negative_normalizedcut8_rothorizmirror2_combined.jpg,negative
negative_normalizedcut8_rot90vertmirror2_combined.jpg,negative
negative_normalizedcut8_rot90horizmirror2_combined.jpg,negative
negative_normalizedcut8_rot180vertmirror2_combined.jpg,negative
negative_normalizedcut8_rot180horizmirror2_combined.jpg,negative
negative_normalizedcut8_rot270vertmirror2_combined.jpg,negative
negative_normalizedcut8_rot270horizmirror2_combined.jpg,negative
positive_normalizedcut9_rotvertmirror2_combined.jpg,positive
positive_normalizedcut9_rothorizmirror2_combined.jpg,positive
positive_normalizedcut9_rot90vertmirror2_combined.jpg,positive
positive_normalizedcut9_rot90horizmirror2_combined.jpg,positive
positive_normalizedcut9_rot180vertmirror2_combined.jpg,positive
positive_normalizedcut9_rot180horizmirror2_combined.jpg,positive
positive_normalizedcut9_rot270vertmirror2_combined.jpg,positive
positive_normalizedcut9_rot270horizmirror2_combined.jpg,positive
positive_normalizedcut10_rotvertmirror2_combined.jpg,positive
positive_normalizedcut10_rothorizmirror2_combined.jpg,positive
positive_normalizedcut10_rot90vertmirror2_combined.jpg,positive
positive_normalizedcut10_rot90horizmirror2_combined.jpg,positive
positive_normalizedcut10_rot180vertmirror2_combined.jpg,positive
positive_normalizedcut10_rot180horizmirror2_combined.jpg,positive
positive_normalizedcut10_rot270vertmirror2_combined.jpg,positive
positive_normalizedcut10_rot270horizmirror2_combined.jpg,positive
positive_whole3_combined.jpg,positive
negative_normalizedcut13_combined.jpg,negative
negative_normalizedcut23_combined.jpg,negative
negative_normalizedcut33_combined.jpg,negative
positive_normalizedcut43_combined.jpg,positive
negative_normalizedcut53_combined.jpg,negative
negative_normalizedcut63_combined.jpg,negative
negative_normalizedcut73_combined.jpg,negative
negative_normalizedcut83_combined.jpg,negative
positive_normalizedcut93_combined.jpg,positive
negative_normalizedcut103_combined.jpg,negative
positive_whole_rot3_combined.jpg,positive
positive_whole_rot903_combined.jpg,positive
positive_whole_rot1803_combined.jpg,positive
positive_whole_rot2703_combined.jpg,positive
negative_normalizedcut1_rot3_combined.jpg,negative
negative_normalizedcut1_rot903_combined.jpg,negative
negative_normalizedcut1_rot1803_combined.jpg,negative
negative_normalizedcut1_rot2703_combined.jpg,negative
negative_normalizedcut2_rot3_combined.jpg,negative
negative_normalizedcut2_rot903_combined.jpg,negative
negative_normalizedcut2_rot1803_combined.jpg,negative
negative_normalizedcut2_rot2703_combined.jpg,negative
negative_normalizedcut3_rot3_combined.jpg,negative
negative_normalizedcut3_rot903_combined.jpg,negative
negative_normalizedcut3_rot1803_combined.jpg,negative
negative_normalizedcut3_rot2703_combined.jpg,negative
positive_normalizedcut4_rot3_combined.jpg,positive
positive_normalizedcut4_rot903_combined.jpg,positive
positive_normalizedcut4_rot1803_combined.jpg,positive
positive_normalizedcut4_rot2703_combined.jpg,positive
negative_normalizedcut5_rot3_combined.jpg,negative
negative_normalizedcut5_rot903_combined.jpg,negative
negative_normalizedcut5_rot1803_combined.jpg,negative
negative_normalizedcut5_rot2703_combined.jpg,negative
negative_normalizedcut6_rot3_combined.jpg,negative
negative_normalizedcut6_rot903_combined.jpg,negative
negative_normalizedcut6_rot1803_combined.jpg,negative
negative_normalizedcut6_rot2703_combined.jpg,negative
negative_normalizedcut7_rot3_combined.jpg,negative
negative_normalizedcut7_rot903_combined.jpg,negative
negative_normalizedcut7_rot1803_combined.jpg,negative
negative_normalizedcut7_rot2703_combined.jpg,negative
negative_normalizedcut8_rot3_combined.jpg,negative
negative_normalizedcut8_rot903_combined.jpg,negative
negative_normalizedcut8_rot1803_combined.jpg,negative
negative_normalizedcut8_rot2703_combined.jpg,negative
positive_normalizedcut9_rot3_combined.jpg,positive
positive_normalizedcut9_rot903_combined.jpg,positive
positive_normalizedcut9_rot1803_combined.jpg,positive
positive_normalizedcut9_rot2703_combined.jpg,positive
negative_normalizedcut10_rot3_combined.jpg,negative
negative_normalizedcut10_rot903_combined.jpg,negative
negative_normalizedcut10_rot1803_combined.jpg,negative
negative_normalizedcut10_rot2703_combined.jpg,negative
positive_wholevertmirror3_combined.jpg,positive
positive_wholehorizmirror3_combined.jpg,positive
negative_normalizedcut1vertmirror3_combined.jpg,negative
negative_normalizedcut1horizmirror3_combined.jpg,negative
negative_normalizedcut2vertmirror3_combined.jpg,negative
negative_normalizedcut2horizmirror3_combined.jpg,negative
negative_normalizedcut3vertmirror3_combined.jpg,negative
negative_normalizedcut3horizmirror3_combined.jpg,negative
positive_normalizedcut4vertmirror3_combined.jpg,positive
positive_normalizedcut4horizmirror3_combined.jpg,positive
negative_normalizedcut5vertmirror3_combined.jpg,negative
negative_normalizedcut5horizmirror3_combined.jpg,negative
negative_normalizedcut6vertmirror3_combined.jpg,negative
negative_normalizedcut6horizmirror3_combined.jpg,negative
negative_normalizedcut7vertmirror3_combined.jpg,negative
negative_normalizedcut7horizmirror3_combined.jpg,negative
negative_normalizedcut8vertmirror3_combined.jpg,negative
negative_normalizedcut8horizmirror3_combined.jpg,negative
positive_normalizedcut9vertmirror3_combined.jpg,positive
positive_normalizedcut9horizmirror3_combined.jpg,positive
negative_normalizedcut10vertmirror3_combined.jpg,negative
negative_normalizedcut10horizmirror3_combined.jpg,negative
positive_whole_rotvertmirror3_combined.jpg,positive
positive_whole_rothorizmirror3_combined.jpg,positive
positive_whole_rot90vertmirror3_combined.jpg,positive
positive_whole_rot90horizmirror3_combined.jpg,positive
positive_whole_rot180vertmirror3_combined.jpg,positive
positive_whole_rot180horizmirror3_combined.jpg,positive
positive_whole_rot270vertmirror3_combined.jpg,positive
positive_whole_rot270horizmirror3_combined.jpg,positive
negative_normalizedcut1_rotvertmirror3_combined.jpg,negative
negative_normalizedcut1_rothorizmirror3_combined.jpg,negative
negative_normalizedcut1_rot90vertmirror3_combined.jpg,negative
negative_normalizedcut1_rot90horizmirror3_combined.jpg,negative
negative_normalizedcut1_rot180vertmirror3_combined.jpg,negative
negative_normalizedcut1_rot180horizmirror3_combined.jpg,negative
negative_normalizedcut1_rot270vertmirror3_combined.jpg,negative
negative_normalizedcut1_rot270horizmirror3_combined.jpg,negative
negative_normalizedcut2_rotvertmirror3_combined.jpg,negative
negative_normalizedcut2_rothorizmirror3_combined.jpg,negative
negative_normalizedcut2_rot90vertmirror3_combined.jpg,negative
negative_normalizedcut2_rot90horizmirror3_combined.jpg,negative
negative_normalizedcut2_rot180vertmirror3_combined.jpg,negative
negative_normalizedcut2_rot180horizmirror3_combined.jpg,negative
negative_normalizedcut2_rot270vertmirror3_combined.jpg,negative
negative_normalizedcut2_rot270horizmirror3_combined.jpg,negative
negative_normalizedcut3_rotvertmirror3_combined.jpg,negative
negative_normalizedcut3_rothorizmirror3_combined.jpg,negative
negative_normalizedcut3_rot90vertmirror3_combined.jpg,negative
negative_normalizedcut3_rot90horizmirror3_combined.jpg,negative
negative_normalizedcut3_rot180vertmirror3_combined.jpg,negative
negative_normalizedcut3_rot180horizmirror3_combined.jpg,negative
negative_normalizedcut3_rot270vertmirror3_combined.jpg,negative
negative_normalizedcut3_rot270horizmirror3_combined.jpg,negative
positive_normalizedcut4_rotvertmirror3_combined.jpg,positive
positive_normalizedcut4_rothorizmirror3_combined.jpg,positive
positive_normalizedcut4_rot90vertmirror3_combined.jpg,positive
positive_normalizedcut4_rot90horizmirror3_combined.jpg,positive
positive_normalizedcut4_rot180vertmirror3_combined.jpg,positive
positive_normalizedcut4_rot180horizmirror3_combined.jpg,positive
positive_normalizedcut4_rot270vertmirror3_combined.jpg,positive
positive_normalizedcut4_rot270horizmirror3_combined.jpg,positive
negative_normalizedcut5_rotvertmirror3_combined.jpg,negative
negative_normalizedcut5_rothorizmirror3_combined.jpg,negative
negative_normalizedcut5_rot90vertmirror3_combined.jpg,negative
negative_normalizedcut5_rot90horizmirror3_combined.jpg,negative
negative_normalizedcut5_rot180vertmirror3_combined.jpg,negative
negative_normalizedcut5_rot180horizmirror3_combined.jpg,negative
negative_normalizedcut5_rot270vertmirror3_combined.jpg,negative
negative_normalizedcut5_rot270horizmirror3_combined.jpg,negative
negative_normalizedcut6_rotvertmirror3_combined.jpg,negative
negative_normalizedcut6_rothorizmirror3_combined.jpg,negative
negative_normalizedcut6_rot90vertmirror3_combined.jpg,negative
negative_normalizedcut6_rot90horizmirror3_combined.jpg,negative
negative_normalizedcut6_rot180vertmirror3_combined.jpg,negative
negative_normalizedcut6_rot180horizmirror3_combined.jpg,negative
negative_normalizedcut6_rot270vertmirror3_combined.jpg,negative
negative_normalizedcut6_rot270horizmirror3_combined.jpg,negative
negative_normalizedcut7_rotvertmirror3_combined.jpg,negative
negative_normalizedcut7_rothorizmirror3_combined.jpg,negative
negative_normalizedcut7_rot90vertmirror3_combined.jpg,negative
negative_normalizedcut7_rot90horizmirror3_combined.jpg,negative
negative_normalizedcut7_rot180vertmirror3_combined.jpg,negative
negative_normalizedcut7_rot180horizmirror3_combined.jpg,negative
negative_normalizedcut7_rot270vertmirror3_combined.jpg,negative
negative_normalizedcut7_rot270horizmirror3_combined.jpg,negative
negative_normalizedcut8_rotvertmirror3_combined.jpg,negative
negative_normalizedcut8_rothorizmirror3_combined.jpg,negative
negative_normalizedcut8_rot90vertmirror3_combined.jpg,negative
negative_normalizedcut8_rot90horizmirror3_combined.jpg,negative
negative_normalizedcut8_rot180vertmirror3_combined.jpg,negative
negative_normalizedcut8_rot180horizmirror3_combined.jpg,negative
negative_normalizedcut8_rot270vertmirror3_combined.jpg,negative
negative_normalizedcut8_rot270horizmirror3_combined.jpg,negative
positive_normalizedcut9_rotvertmirror3_combined.jpg,positive
positive_normalizedcut9_rothorizmirror3_combined.jpg,positive
positive_normalizedcut9_rot90vertmirror3_combined.jpg,positive
positive_normalizedcut9_rot90horizmirror3_combined.jpg,positive
positive_normalizedcut9_rot180vertmirror3_combined.jpg,positive
positive_normalizedcut9_rot180horizmirror3_combined.jpg,positive
positive_normalizedcut9_rot270vertmirror3_combined.jpg,positive
positive_normalizedcut9_rot270horizmirror3_combined.jpg,positive
negative_normalizedcut10_rotvertmirror3_combined.jpg,negative
negative_normalizedcut10_rothorizmirror3_combined.jpg,negative
negative_normalizedcut10_rot90vertmirror3_combined.jpg,negative
negative_normalizedcut10_rot90horizmirror3_combined.jpg,negative
negative_normalizedcut10_rot180vertmirror3_combined.jpg,negative
negative_normalizedcut10_rot180horizmirror3_combined.jpg,negative
negative_normalizedcut10_rot270vertmirror3_combined.jpg,negative
negative_normalizedcut10_rot270horizmirror3_combined.jpg,negative
positive_whole4_combined.jpg,positive
negative_normalizedcut14_combined.jpg,negative
negative_normalizedcut24_combined.jpg,negative
positive_normalizedcut34_combined.jpg,positive
positive_normalizedcut44_combined.jpg,positive
negative_normalizedcut54_combined.jpg,negative
negative_normalizedcut64_combined.jpg,negative
negative_normalizedcut74_combined.jpg,negative
negative_normalizedcut84_combined.jpg,negative
positive_normalizedcut94_combined.jpg,positive
negative_normalizedcut104_combined.jpg,negative
positive_whole_rot4_combined.jpg,positive
positive_whole_rot904_combined.jpg,positive
positive_whole_rot1804_combined.jpg,positive
positive_whole_rot2704_combined.jpg,positive
negative_normalizedcut1_rot4_combined.jpg,negative
negative_normalizedcut1_rot904_combined.jpg,negative
negative_normalizedcut1_rot1804_combined.jpg,negative
negative_normalizedcut1_rot2704_combined.jpg,negative
negative_normalizedcut2_rot4_combined.jpg,negative
negative_normalizedcut2_rot904_combined.jpg,negative
negative_normalizedcut2_rot1804_combined.jpg,negative
negative_normalizedcut2_rot2704_combined.jpg,negative
positive_normalizedcut3_rot4_combined.jpg,positive
positive_normalizedcut3_rot904_combined.jpg,positive
positive_normalizedcut3_rot1804_combined.jpg,positive
positive_normalizedcut3_rot2704_combined.jpg,positive
positive_normalizedcut4_rot4_combined.jpg,positive
positive_normalizedcut4_rot904_combined.jpg,positive
positive_normalizedcut4_rot1804_combined.jpg,positive
positive_normalizedcut4_rot2704_combined.jpg,positive
negative_normalizedcut5_rot4_combined.jpg,negative
negative_normalizedcut5_rot904_combined.jpg,negative
negative_normalizedcut5_rot1804_combined.jpg,negative
negative_normalizedcut5_rot2704_combined.jpg,negative
negative_normalizedcut6_rot4_combined.jpg,negative
negative_normalizedcut6_rot904_combined.jpg,negative
negative_normalizedcut6_rot1804_combined.jpg,negative
negative_normalizedcut6_rot2704_combined.jpg,negative
negative_normalizedcut7_rot4_combined.jpg,negative
negative_normalizedcut7_rot904_combined.jpg,negative
negative_normalizedcut7_rot1804_combined.jpg,negative
negative_normalizedcut7_rot2704_combined.jpg,negative
negative_normalizedcut8_rot4_combined.jpg,negative
negative_normalizedcut8_rot904_combined.jpg,negative
negative_normalizedcut8_rot1804_combined.jpg,negative
negative_normalizedcut8_rot2704_combined.jpg,negative
positive_normalizedcut9_rot4_combined.jpg,positive
positive_normalizedcut9_rot904_combined.jpg,positive
positive_normalizedcut9_rot1804_combined.jpg,positive
positive_normalizedcut9_rot2704_combined.jpg,positive
negative_normalizedcut10_rot4_combined.jpg,negative
negative_normalizedcut10_rot904_combined.jpg,negative
negative_normalizedcut10_rot1804_combined.jpg,negative
negative_normalizedcut10_rot2704_combined.jpg,negative
positive_wholevertmirror4_combined.jpg,positive
positive_wholehorizmirror4_combined.jpg,positive
negative_normalizedcut1vertmirror4_combined.jpg,negative
negative_normalizedcut1horizmirror4_combined.jpg,negative
negative_normalizedcut2vertmirror4_combined.jpg,negative
negative_normalizedcut2horizmirror4_combined.jpg,negative
positive_normalizedcut3vertmirror4_combined.jpg,positive
positive_normalizedcut3horizmirror4_combined.jpg,positive
positive_normalizedcut4vertmirror4_combined.jpg,positive
positive_normalizedcut4horizmirror4_combined.jpg,positive
negative_normalizedcut5vertmirror4_combined.jpg,negative
negative_normalizedcut5horizmirror4_combined.jpg,negative
negative_normalizedcut6vertmirror4_combined.jpg,negative
negative_normalizedcut6horizmirror4_combined.jpg,negative
negative_normalizedcut7vertmirror4_combined.jpg,negative
negative_normalizedcut7horizmirror4_combined.jpg,negative
negative_normalizedcut8vertmirror4_combined.jpg,negative
negative_normalizedcut8horizmirror4_combined.jpg,negative
positive_normalizedcut9vertmirror4_combined.jpg,positive
positive_normalizedcut9horizmirror4_combined.jpg,positive
negative_normalizedcut10vertmirror4_combined.jpg,negative
negative_normalizedcut10horizmirror4_combined.jpg,negative
positive_whole_rotvertmirror4_combined.jpg,positive
positive_whole_rothorizmirror4_combined.jpg,positive
positive_whole_rot90vertmirror4_combined.jpg,positive
positive_whole_rot90horizmirror4_combined.jpg,positive
positive_whole_rot180vertmirror4_combined.jpg,positive
positive_whole_rot180horizmirror4_combined.jpg,positive
positive_whole_rot270vertmirror4_combined.jpg,positive
positive_whole_rot270horizmirror4_combined.jpg,positive
negative_normalizedcut1_rotvertmirror4_combined.jpg,negative
negative_normalizedcut1_rothorizmirror4_combined.jpg,negative
negative_normalizedcut1_rot90vertmirror4_combined.jpg,negative
negative_normalizedcut1_rot90horizmirror4_combined.jpg,negative
negative_normalizedcut1_rot180vertmirror4_combined.jpg,negative
negative_normalizedcut1_rot180horizmirror4_combined.jpg,negative
negative_normalizedcut1_rot270vertmirror4_combined.jpg,negative
negative_normalizedcut1_rot270horizmirror4_combined.jpg,negative
negative_normalizedcut2_rotvertmirror4_combined.jpg,negative
negative_normalizedcut2_rothorizmirror4_combined.jpg,negative
negative_normalizedcut2_rot90vertmirror4_combined.jpg,negative
negative_normalizedcut2_rot90horizmirror4_combined.jpg,negative
negative_normalizedcut2_rot180vertmirror4_combined.jpg,negative
negative_normalizedcut2_rot180horizmirror4_combined.jpg,negative
negative_normalizedcut2_rot270vertmirror4_combined.jpg,negative
negative_normalizedcut2_rot270horizmirror4_combined.jpg,negative
positive_normalizedcut3_rotvertmirror4_combined.jpg,positive
positive_normalizedcut3_rothorizmirror4_combined.jpg,positive
positive_normalizedcut3_rot90vertmirror4_combined.jpg,positive
positive_normalizedcut3_rot90horizmirror4_combined.jpg,positive
positive_normalizedcut3_rot180vertmirror4_combined.jpg,positive
positive_normalizedcut3_rot180horizmirror4_combined.jpg,positive
positive_normalizedcut3_rot270vertmirror4_combined.jpg,positive
positive_normalizedcut3_rot270horizmirror4_combined.jpg,positive
positive_normalizedcut4_rotvertmirror4_combined.jpg,positive
positive_normalizedcut4_rothorizmirror4_combined.jpg,positive
positive_normalizedcut4_rot90vertmirror4_combined.jpg,positive
positive_normalizedcut4_rot90horizmirror4_combined.jpg,positive
positive_normalizedcut4_rot180vertmirror4_combined.jpg,positive
positive_normalizedcut4_rot180horizmirror4_combined.jpg,positive
positive_normalizedcut4_rot270vertmirror4_combined.jpg,positive
positive_normalizedcut4_rot270horizmirror4_combined.jpg,positive
negative_normalizedcut5_rotvertmirror4_combined.jpg,negative
negative_normalizedcut5_rothorizmirror4_combined.jpg,negative
negative_normalizedcut5_rot90vertmirror4_combined.jpg,negative
negative_normalizedcut5_rot90horizmirror4_combined.jpg,negative
negative_normalizedcut5_rot180vertmirror4_combined.jpg,negative
negative_normalizedcut5_rot180horizmirror4_combined.jpg,negative
negative_normalizedcut5_rot270vertmirror4_combined.jpg,negative
negative_normalizedcut5_rot270horizmirror4_combined.jpg,negative
negative_normalizedcut6_rotvertmirror4_combined.jpg,negative
negative_normalizedcut6_rothorizmirror4_combined.jpg,negative
negative_normalizedcut6_rot90vertmirror4_combined.jpg,negative
negative_normalizedcut6_rot90horizmirror4_combined.jpg,negative
negative_normalizedcut6_rot180vertmirror4_combined.jpg,negative
negative_normalizedcut6_rot180horizmirror4_combined.jpg,negative
negative_normalizedcut6_rot270vertmirror4_combined.jpg,negative
negative_normalizedcut6_rot270horizmirror4_combined.jpg,negative
negative_normalizedcut7_rotvertmirror4_combined.jpg,negative
negative_normalizedcut7_rothorizmirror4_combined.jpg,negative
negative_normalizedcut7_rot90vertmirror4_combined.jpg,negative
negative_normalizedcut7_rot90horizmirror4_combined.jpg,negative
negative_normalizedcut7_rot180vertmirror4_combined.jpg,negative
negative_normalizedcut7_rot180horizmirror4_combined.jpg,negative
negative_normalizedcut7_rot270vertmirror4_combined.jpg,negative
negative_normalizedcut7_rot270horizmirror4_combined.jpg,negative
negative_normalizedcut8_rotvertmirror4_combined.jpg,negative
negative_normalizedcut8_rothorizmirror4_combined.jpg,negative
negative_normalizedcut8_rot90vertmirror4_combined.jpg,negative
negative_normalizedcut8_rot90horizmirror4_combined.jpg,negative
negative_normalizedcut8_rot180vertmirror4_combined.jpg,negative
negative_normalizedcut8_rot180horizmirror4_combined.jpg,negative
negative_normalizedcut8_rot270vertmirror4_combined.jpg,negative
negative_normalizedcut8_rot270horizmirror4_combined.jpg,negative
positive_normalizedcut9_rotvertmirror4_combined.jpg,positive
positive_normalizedcut9_rothorizmirror4_combined.jpg,positive
positive_normalizedcut9_rot90vertmirror4_combined.jpg,positive
positive_normalizedcut9_rot90horizmirror4_combined.jpg,positive
positive_normalizedcut9_rot180vertmirror4_combined.jpg,positive
positive_normalizedcut9_rot180horizmirror4_combined.jpg,positive
positive_normalizedcut9_rot270vertmirror4_combined.jpg,positive
positive_normalizedcut9_rot270horizmirror4_combined.jpg,positive
negative_normalizedcut10_rotvertmirror4_combined.jpg,negative
negative_normalizedcut10_rothorizmirror4_combined.jpg,negative
negative_normalizedcut10_rot90vertmirror4_combined.jpg,negative
negative_normalizedcut10_rot90horizmirror4_combined.jpg,negative
negative_normalizedcut10_rot180vertmirror4_combined.jpg,negative
negative_normalizedcut10_rot180horizmirror4_combined.jpg,negative
negative_normalizedcut10_rot270vertmirror4_combined.jpg,negative
negative_normalizedcut10_rot270horizmirror4_combined.jpg,negative
positive_whole5_combined.jpg,positive
negative_normalizedcut15_combined.jpg,negative
negative_normalizedcut25_combined.jpg,negative
negative_normalizedcut35_combined.jpg,negative
positive_normalizedcut45_combined.jpg,positive
negative_normalizedcut55_combined.jpg,negative
negative_normalizedcut65_combined.jpg,negative
negative_normalizedcut75_combined.jpg,negative
negative_normalizedcut85_combined.jpg,negative
positive_normalizedcut95_combined.jpg,positive
negative_normalizedcut105_combined.jpg,negative
positive_whole_rot5_combined.jpg,positive
positive_whole_rot905_combined.jpg,positive
positive_whole_rot1805_combined.jpg,positive
positive_whole_rot2705_combined.jpg,positive
negative_normalizedcut1_rot5_combined.jpg,negative
negative_normalizedcut1_rot905_combined.jpg,negative
negative_normalizedcut1_rot1805_combined.jpg,negative
negative_normalizedcut1_rot2705_combined.jpg,negative
negative_normalizedcut2_rot5_combined.jpg,negative
negative_normalizedcut2_rot905_combined.jpg,negative
negative_normalizedcut2_rot1805_combined.jpg,negative
negative_normalizedcut2_rot2705_combined.jpg,negative
negative_normalizedcut3_rot5_combined.jpg,negative
negative_normalizedcut3_rot905_combined.jpg,negative
negative_normalizedcut3_rot1805_combined.jpg,negative
negative_normalizedcut3_rot2705_combined.jpg,negative
positive_normalizedcut4_rot5_combined.jpg,positive
positive_normalizedcut4_rot905_combined.jpg,positive
positive_normalizedcut4_rot1805_combined.jpg,positive
positive_normalizedcut4_rot2705_combined.jpg,positive
negative_normalizedcut5_rot5_combined.jpg,negative
negative_normalizedcut5_rot905_combined.jpg,negative
negative_normalizedcut5_rot1805_combined.jpg,negative
negative_normalizedcut5_rot2705_combined.jpg,negative
negative_normalizedcut6_rot5_combined.jpg,negative
negative_normalizedcut6_rot905_combined.jpg,negative
negative_normalizedcut6_rot1805_combined.jpg,negative
negative_normalizedcut6_rot2705_combined.jpg,negative
negative_normalizedcut7_rot5_combined.jpg,negative
negative_normalizedcut7_rot905_combined.jpg,negative
negative_normalizedcut7_rot1805_combined.jpg,negative
negative_normalizedcut7_rot2705_combined.jpg,negative
negative_normalizedcut8_rot5_combined.jpg,negative
negative_normalizedcut8_rot905_combined.jpg,negative
negative_normalizedcut8_rot1805_combined.jpg,negative
negative_normalizedcut8_rot2705_combined.jpg,negative
positive_normalizedcut9_rot5_combined.jpg,positive
positive_normalizedcut9_rot905_combined.jpg,positive
positive_normalizedcut9_rot1805_combined.jpg,positive
positive_normalizedcut9_rot2705_combined.jpg,positive
negative_normalizedcut10_rot5_combined.jpg,negative
negative_normalizedcut10_rot905_combined.jpg,negative
negative_normalizedcut10_rot1805_combined.jpg,negative
negative_normalizedcut10_rot2705_combined.jpg,negative
positive_wholevertmirror5_combined.jpg,positive
positive_wholehorizmirror5_combined.jpg,positive
negative_normalizedcut1vertmirror5_combined.jpg,negative
negative_normalizedcut1horizmirror5_combined.jpg,negative
negative_normalizedcut2vertmirror5_combined.jpg,negative
negative_normalizedcut2horizmirror5_combined.jpg,negative
negative_normalizedcut3vertmirror5_combined.jpg,negative
negative_normalizedcut3horizmirror5_combined.jpg,negative
positive_normalizedcut4vertmirror5_combined.jpg,positive
positive_normalizedcut4horizmirror5_combined.jpg,positive
negative_normalizedcut5vertmirror5_combined.jpg,negative
negative_normalizedcut5horizmirror5_combined.jpg,negative
negative_normalizedcut6vertmirror5_combined.jpg,negative
negative_normalizedcut6horizmirror5_combined.jpg,negative
negative_normalizedcut7vertmirror5_combined.jpg,negative
negative_normalizedcut7horizmirror5_combined.jpg,negative
negative_normalizedcut8vertmirror5_combined.jpg,negative
negative_normalizedcut8horizmirror5_combined.jpg,negative
positive_normalizedcut9vertmirror5_combined.jpg,positive
positive_normalizedcut9horizmirror5_combined.jpg,positive
negative_normalizedcut10vertmirror5_combined.jpg,negative
negative_normalizedcut10horizmirror5_combined.jpg,negative
positive_whole_rotvertmirror5_combined.jpg,positive
positive_whole_rothorizmirror5_combined.jpg,positive
positive_whole_rot90vertmirror5_combined.jpg,positive
positive_whole_rot90horizmirror5_combined.jpg,positive
positive_whole_rot180vertmirror5_combined.jpg,positive
positive_whole_rot180horizmirror5_combined.jpg,positive
positive_whole_rot270vertmirror5_combined.jpg,positive
positive_whole_rot270horizmirror5_combined.jpg,positive
negative_normalizedcut1_rotvertmirror5_combined.jpg,negative
negative_normalizedcut1_rothorizmirror5_combined.jpg,negative
negative_normalizedcut1_rot90vertmirror5_combined.jpg,negative
negative_normalizedcut1_rot90horizmirror5_combined.jpg,negative
negative_normalizedcut1_rot180vertmirror5_combined.jpg,negative
negative_normalizedcut1_rot180horizmirror5_combined.jpg,negative
negative_normalizedcut1_rot270vertmirror5_combined.jpg,negative
negative_normalizedcut1_rot270horizmirror5_combined.jpg,negative
negative_normalizedcut2_rotvertmirror5_combined.jpg,negative
negative_normalizedcut2_rothorizmirror5_combined.jpg,negative
negative_normalizedcut2_rot90vertmirror5_combined.jpg,negative
negative_normalizedcut2_rot90horizmirror5_combined.jpg,negative
negative_normalizedcut2_rot180vertmirror5_combined.jpg,negative
negative_normalizedcut2_rot180horizmirror5_combined.jpg,negative
negative_normalizedcut2_rot270vertmirror5_combined.jpg,negative
negative_normalizedcut2_rot270horizmirror5_combined.jpg,negative
negative_normalizedcut3_rotvertmirror5_combined.jpg,negative
negative_normalizedcut3_rothorizmirror5_combined.jpg,negative
negative_normalizedcut3_rot90vertmirror5_combined.jpg,negative
negative_normalizedcut3_rot90horizmirror5_combined.jpg,negative
negative_normalizedcut3_rot180vertmirror5_combined.jpg,negative
negative_normalizedcut3_rot180horizmirror5_combined.jpg,negative
negative_normalizedcut3_rot270vertmirror5_combined.jpg,negative
negative_normalizedcut3_rot270horizmirror5_combined.jpg,negative
positive_normalizedcut4_rotvertmirror5_combined.jpg,positive
positive_normalizedcut4_rothorizmirror5_combined.jpg,positive
positive_normalizedcut4_rot90vertmirror5_combined.jpg,positive
positive_normalizedcut4_rot90horizmirror5_combined.jpg,positive
positive_normalizedcut4_rot180vertmirror5_combined.jpg,positive
positive_normalizedcut4_rot180horizmirror5_combined.jpg,positive
positive_normalizedcut4_rot270vertmirror5_combined.jpg,positive
positive_normalizedcut4_rot270horizmirror5_combined.jpg,positive
negative_normalizedcut5_rotvertmirror5_combined.jpg,negative
negative_normalizedcut5_rothorizmirror5_combined.jpg,negative
negative_normalizedcut5_rot90vertmirror5_combined.jpg,negative
negative_normalizedcut5_rot90horizmirror5_combined.jpg,negative
negative_normalizedcut5_rot180vertmirror5_combined.jpg,negative
negative_normalizedcut5_rot180horizmirror5_combined.jpg,negative
negative_normalizedcut5_rot270vertmirror5_combined.jpg,negative
negative_normalizedcut5_rot270horizmirror5_combined.jpg,negative
negative_normalizedcut6_rotvertmirror5_combined.jpg,negative
negative_normalizedcut6_rothorizmirror5_combined.jpg,negative
negative_normalizedcut6_rot90vertmirror5_combined.jpg,negative
negative_normalizedcut6_rot90horizmirror5_combined.jpg,negative
negative_normalizedcut6_rot180vertmirror5_combined.jpg,negative
negative_normalizedcut6_rot180horizmirror5_combined.jpg,negative
negative_normalizedcut6_rot270vertmirror5_combined.jpg,negative
negative_normalizedcut6_rot270horizmirror5_combined.jpg,negative
negative_normalizedcut7_rotvertmirror5_combined.jpg,negative
negative_normalizedcut7_rothorizmirror5_combined.jpg,negative
negative_normalizedcut7_rot90vertmirror5_combined.jpg,negative
negative_normalizedcut7_rot90horizmirror5_combined.jpg,negative
negative_normalizedcut7_rot180vertmirror5_combined.jpg,negative
negative_normalizedcut7_rot180horizmirror5_combined.jpg,negative
negative_normalizedcut7_rot270vertmirror5_combined.jpg,negative
negative_normalizedcut7_rot270horizmirror5_combined.jpg,negative
negative_normalizedcut8_rotvertmirror5_combined.jpg,negative
negative_normalizedcut8_rothorizmirror5_combined.jpg,negative
negative_normalizedcut8_rot90vertmirror5_combined.jpg,negative
negative_normalizedcut8_rot90horizmirror5_combined.jpg,negative
negative_normalizedcut8_rot180vertmirror5_combined.jpg,negative
negative_normalizedcut8_rot180horizmirror5_combined.jpg,negative
negative_normalizedcut8_rot270vertmirror5_combined.jpg,negative
negative_normalizedcut8_rot270horizmirror5_combined.jpg,negative
positive_normalizedcut9_rotvertmirror5_combined.jpg,positive
positive_normalizedcut9_rothorizmirror5_combined.jpg,positive
positive_normalizedcut9_rot90vertmirror5_combined.jpg,positive
positive_normalizedcut9_rot90horizmirror5_combined.jpg,positive
positive_normalizedcut9_rot180vertmirror5_combined.jpg,positive
positive_normalizedcut9_rot180horizmirror5_combined.jpg,positive
positive_normalizedcut9_rot270vertmirror5_combined.jpg,positive
positive_normalizedcut9_rot270horizmirror5_combined.jpg,positive
negative_normalizedcut10_rotvertmirror5_combined.jpg,negative
negative_normalizedcut10_rothorizmirror5_combined.jpg,negative
negative_normalizedcut10_rot90vertmirror5_combined.jpg,negative
negative_normalizedcut10_rot90horizmirror5_combined.jpg,negative
negative_normalizedcut10_rot180vertmirror5_combined.jpg,negative
negative_normalizedcut10_rot180horizmirror5_combined.jpg,negative
negative_normalizedcut10_rot270vertmirror5_combined.jpg,negative
negative_normalizedcut10_rot270horizmirror5_combined.jpg,negative
positive_whole6_combined.jpg,positive
negative_normalizedcut16_combined.jpg,negative
negative_normalizedcut26_combined.jpg,negative
positive_normalizedcut36_combined.jpg,positive
positive_normalizedcut46_combined.jpg,positive
negative_normalizedcut56_combined.jpg,negative
negative_normalizedcut66_combined.jpg,negative
negative_normalizedcut76_combined.jpg,negative
negative_normalizedcut86_combined.jpg,negative
positive_normalizedcut96_combined.jpg,positive
negative_normalizedcut106_combined.jpg,negative
positive_whole_rot6_combined.jpg,positive
positive_whole_rot906_combined.jpg,positive
positive_whole_rot1806_combined.jpg,positive
positive_whole_rot2706_combined.jpg,positive
negative_normalizedcut1_rot6_combined.jpg,negative
negative_normalizedcut1_rot906_combined.jpg,negative
negative_normalizedcut1_rot1806_combined.jpg,negative
negative_normalizedcut1_rot2706_combined.jpg,negative
negative_normalizedcut2_rot6_combined.jpg,negative
negative_normalizedcut2_rot906_combined.jpg,negative
negative_normalizedcut2_rot1806_combined.jpg,negative
negative_normalizedcut2_rot2706_combined.jpg,negative
positive_normalizedcut3_rot6_combined.jpg,positive
positive_normalizedcut3_rot906_combined.jpg,positive
positive_normalizedcut3_rot1806_combined.jpg,positive
positive_normalizedcut3_rot2706_combined.jpg,positive
positive_normalizedcut4_rot6_combined.jpg,positive
positive_normalizedcut4_rot906_combined.jpg,positive
positive_normalizedcut4_rot1806_combined.jpg,positive
positive_normalizedcut4_rot2706_combined.jpg,positive
negative_normalizedcut5_rot6_combined.jpg,negative
negative_normalizedcut5_rot906_combined.jpg,negative
negative_normalizedcut5_rot1806_combined.jpg,negative
negative_normalizedcut5_rot2706_combined.jpg,negative
negative_normalizedcut6_rot6_combined.jpg,negative
negative_normalizedcut6_rot906_combined.jpg,negative
negative_normalizedcut6_rot1806_combined.jpg,negative
negative_normalizedcut6_rot2706_combined.jpg,negative
negative_normalizedcut7_rot6_combined.jpg,negative
negative_normalizedcut7_rot906_combined.jpg,negative
negative_normalizedcut7_rot1806_combined.jpg,negative
negative_normalizedcut7_rot2706_combined.jpg,negative
negative_normalizedcut8_rot6_combined.jpg,negative
negative_normalizedcut8_rot906_combined.jpg,negative
negative_normalizedcut8_rot1806_combined.jpg,negative
negative_normalizedcut8_rot2706_combined.jpg,negative
positive_normalizedcut9_rot6_combined.jpg,positive
positive_normalizedcut9_rot906_combined.jpg,positive
positive_normalizedcut9_rot1806_combined.jpg,positive
positive_normalizedcut9_rot2706_combined.jpg,positive
negative_normalizedcut10_rot6_combined.jpg,negative
negative_normalizedcut10_rot906_combined.jpg,negative
negative_normalizedcut10_rot1806_combined.jpg,negative
negative_normalizedcut10_rot2706_combined.jpg,negative
positive_wholevertmirror6_combined.jpg,positive
positive_wholehorizmirror6_combined.jpg,positive
negative_normalizedcut1vertmirror6_combined.jpg,negative
negative_normalizedcut1horizmirror6_combined.jpg,negative
negative_normalizedcut2vertmirror6_combined.jpg,negative
negative_normalizedcut2horizmirror6_combined.jpg,negative
positive_normalizedcut3vertmirror6_combined.jpg,positive
positive_normalizedcut3horizmirror6_combined.jpg,positive
positive_normalizedcut4vertmirror6_combined.jpg,positive
positive_normalizedcut4horizmirror6_combined.jpg,positive
negative_normalizedcut5vertmirror6_combined.jpg,negative
negative_normalizedcut5horizmirror6_combined.jpg,negative
negative_normalizedcut6vertmirror6_combined.jpg,negative
negative_normalizedcut6horizmirror6_combined.jpg,negative
negative_normalizedcut7vertmirror6_combined.jpg,negative
negative_normalizedcut7horizmirror6_combined.jpg,negative
negative_normalizedcut8vertmirror6_combined.jpg,negative
negative_normalizedcut8horizmirror6_combined.jpg,negative
positive_normalizedcut9vertmirror6_combined.jpg,positive
positive_normalizedcut9horizmirror6_combined.jpg,positive
negative_normalizedcut10vertmirror6_combined.jpg,negative
negative_normalizedcut10horizmirror6_combined.jpg,negative
positive_whole_rotvertmirror6_combined.jpg,positive
positive_whole_rothorizmirror6_combined.jpg,positive
positive_whole_rot90vertmirror6_combined.jpg,positive
positive_whole_rot90horizmirror6_combined.jpg,positive
positive_whole_rot180vertmirror6_combined.jpg,positive
positive_whole_rot180horizmirror6_combined.jpg,positive
positive_whole_rot270vertmirror6_combined.jpg,positive
positive_whole_rot270horizmirror6_combined.jpg,positive
negative_normalizedcut1_rotvertmirror6_combined.jpg,negative
negative_normalizedcut1_rothorizmirror6_combined.jpg,negative
negative_normalizedcut1_rot90vertmirror6_combined.jpg,negative
negative_normalizedcut1_rot90horizmirror6_combined.jpg,negative
negative_normalizedcut1_rot180vertmirror6_combined.jpg,negative
negative_normalizedcut1_rot180horizmirror6_combined.jpg,negative
negative_normalizedcut1_rot270vertmirror6_combined.jpg,negative
negative_normalizedcut1_rot270horizmirror6_combined.jpg,negative
negative_normalizedcut2_rotvertmirror6_combined.jpg,negative
negative_normalizedcut2_rothorizmirror6_combined.jpg,negative
negative_normalizedcut2_rot90vertmirror6_combined.jpg,negative
negative_normalizedcut2_rot90horizmirror6_combined.jpg,negative
negative_normalizedcut2_rot180vertmirror6_combined.jpg,negative
negative_normalizedcut2_rot180horizmirror6_combined.jpg,negative
negative_normalizedcut2_rot270vertmirror6_combined.jpg,negative
negative_normalizedcut2_rot270horizmirror6_combined.jpg,negative
positive_normalizedcut3_rotvertmirror6_combined.jpg,positive
positive_normalizedcut3_rothorizmirror6_combined.jpg,positive
positive_normalizedcut3_rot90vertmirror6_combined.jpg,positive
positive_normalizedcut3_rot90horizmirror6_combined.jpg,positive
positive_normalizedcut3_rot180vertmirror6_combined.jpg,positive
positive_normalizedcut3_rot180horizmirror6_combined.jpg,positive
positive_normalizedcut3_rot270vertmirror6_combined.jpg,positive
positive_normalizedcut3_rot270horizmirror6_combined.jpg,positive
positive_normalizedcut4_rotvertmirror6_combined.jpg,positive
positive_normalizedcut4_rothorizmirror6_combined.jpg,positive
positive_normalizedcut4_rot90vertmirror6_combined.jpg,positive
positive_normalizedcut4_rot90horizmirror6_combined.jpg,positive
positive_normalizedcut4_rot180vertmirror6_combined.jpg,positive
positive_normalizedcut4_rot180horizmirror6_combined.jpg,positive
positive_normalizedcut4_rot270vertmirror6_combined.jpg,positive
positive_normalizedcut4_rot270horizmirror6_combined.jpg,positive
negative_normalizedcut5_rotvertmirror6_combined.jpg,negative
negative_normalizedcut5_rothorizmirror6_combined.jpg,negative
negative_normalizedcut5_rot90vertmirror6_combined.jpg,negative
negative_normalizedcut5_rot90horizmirror6_combined.jpg,negative
negative_normalizedcut5_rot180vertmirror6_combined.jpg,negative
negative_normalizedcut5_rot180horizmirror6_combined.jpg,negative
negative_normalizedcut5_rot270vertmirror6_combined.jpg,negative
negative_normalizedcut5_rot270horizmirror6_combined.jpg,negative
negative_normalizedcut6_rotvertmirror6_combined.jpg,negative
negative_normalizedcut6_rothorizmirror6_combined.jpg,negative
negative_normalizedcut6_rot90vertmirror6_combined.jpg,negative
negative_normalizedcut6_rot90horizmirror6_combined.jpg,negative
negative_normalizedcut6_rot180vertmirror6_combined.jpg,negative
negative_normalizedcut6_rot180horizmirror6_combined.jpg,negative
negative_normalizedcut6_rot270vertmirror6_combined.jpg,negative
negative_normalizedcut6_rot270horizmirror6_combined.jpg,negative
negative_normalizedcut7_rotvertmirror6_combined.jpg,negative
negative_normalizedcut7_rothorizmirror6_combined.jpg,negative
negative_normalizedcut7_rot90vertmirror6_combined.jpg,negative
negative_normalizedcut7_rot90horizmirror6_combined.jpg,negative
negative_normalizedcut7_rot180vertmirror6_combined.jpg,negative
negative_normalizedcut7_rot180horizmirror6_combined.jpg,negative
negative_normalizedcut7_rot270vertmirror6_combined.jpg,negative
negative_normalizedcut7_rot270horizmirror6_combined.jpg,negative
negative_normalizedcut8_rotvertmirror6_combined.jpg,negative
negative_normalizedcut8_rothorizmirror6_combined.jpg,negative
negative_normalizedcut8_rot90vertmirror6_combined.jpg,negative
negative_normalizedcut8_rot90horizmirror6_combined.jpg,negative
negative_normalizedcut8_rot180vertmirror6_combined.jpg,negative
negative_normalizedcut8_rot180horizmirror6_combined.jpg,negative
negative_normalizedcut8_rot270vertmirror6_combined.jpg,negative
negative_normalizedcut8_rot270horizmirror6_combined.jpg,negative
positive_normalizedcut9_rotvertmirror6_combined.jpg,positive
positive_normalizedcut9_rothorizmirror6_combined.jpg,positive
positive_normalizedcut9_rot90vertmirror6_combined.jpg,positive
positive_normalizedcut9_rot90horizmirror6_combined.jpg,positive
positive_normalizedcut9_rot180vertmirror6_combined.jpg,positive
positive_normalizedcut9_rot180horizmirror6_combined.jpg,positive
positive_normalizedcut9_rot270vertmirror6_combined.jpg,positive
positive_normalizedcut9_rot270horizmirror6_combined.jpg,positive
negative_normalizedcut10_rotvertmirror6_combined.jpg,negative
negative_normalizedcut10_rothorizmirror6_combined.jpg,negative
negative_normalizedcut10_rot90vertmirror6_combined.jpg,negative
negative_normalizedcut10_rot90horizmirror6_combined.jpg,negative
negative_normalizedcut10_rot180vertmirror6_combined.jpg,negative
negative_normalizedcut10_rot180horizmirror6_combined.jpg,negative
negative_normalizedcut10_rot270vertmirror6_combined.jpg,negative
negative_normalizedcut10_rot270horizmirror6_combined.jpg,negative
positive_whole7_combined.jpg,positive
negative_normalizedcut17_combined.jpg,negative
negative_normalizedcut27_combined.jpg,negative
positive_normalizedcut37_combined.jpg,positive
positive_normalizedcut47_combined.jpg,positive
negative_normalizedcut57_combined.jpg,negative
negative_normalizedcut67_combined.jpg,negative
negative_normalizedcut77_combined.jpg,negative
negative_normalizedcut87_combined.jpg,negative
positive_normalizedcut97_combined.jpg,positive
negative_normalizedcut107_combined.jpg,negative
positive_whole_rot7_combined.jpg,positive
positive_whole_rot907_combined.jpg,positive
positive_whole_rot1807_combined.jpg,positive
positive_whole_rot2707_combined.jpg,positive
negative_normalizedcut1_rot7_combined.jpg,negative
negative_normalizedcut1_rot907_combined.jpg,negative
negative_normalizedcut1_rot1807_combined.jpg,negative
negative_normalizedcut1_rot2707_combined.jpg,negative
negative_normalizedcut2_rot7_combined.jpg,negative
negative_normalizedcut2_rot907_combined.jpg,negative
negative_normalizedcut2_rot1807_combined.jpg,negative
negative_normalizedcut2_rot2707_combined.jpg,negative
positive_normalizedcut3_rot7_combined.jpg,positive
positive_normalizedcut3_rot907_combined.jpg,positive
positive_normalizedcut3_rot1807_combined.jpg,positive
positive_normalizedcut3_rot2707_combined.jpg,positive
positive_normalizedcut4_rot7_combined.jpg,positive
positive_normalizedcut4_rot907_combined.jpg,positive
positive_normalizedcut4_rot1807_combined.jpg,positive
positive_normalizedcut4_rot2707_combined.jpg,positive
negative_normalizedcut5_rot7_combined.jpg,negative
negative_normalizedcut5_rot907_combined.jpg,negative
negative_normalizedcut5_rot1807_combined.jpg,negative
negative_normalizedcut5_rot2707_combined.jpg,negative
negative_normalizedcut6_rot7_combined.jpg,negative
negative_normalizedcut6_rot907_combined.jpg,negative
negative_normalizedcut6_rot1807_combined.jpg,negative
negative_normalizedcut6_rot2707_combined.jpg,negative
negative_normalizedcut7_rot7_combined.jpg,negative
negative_normalizedcut7_rot907_combined.jpg,negative
negative_normalizedcut7_rot1807_combined.jpg,negative
negative_normalizedcut7_rot2707_combined.jpg,negative
negative_normalizedcut8_rot7_combined.jpg,negative
negative_normalizedcut8_rot907_combined.jpg,negative
negative_normalizedcut8_rot1807_combined.jpg,negative
negative_normalizedcut8_rot2707_combined.jpg,negative
positive_normalizedcut9_rot7_combined.jpg,positive
positive_normalizedcut9_rot907_combined.jpg,positive
positive_normalizedcut9_rot1807_combined.jpg,positive
positive_normalizedcut9_rot2707_combined.jpg,positive
negative_normalizedcut10_rot7_combined.jpg,negative
negative_normalizedcut10_rot907_combined.jpg,negative
negative_normalizedcut10_rot1807_combined.jpg,negative
negative_normalizedcut10_rot2707_combined.jpg,negative
positive_wholevertmirror7_combined.jpg,positive
positive_wholehorizmirror7_combined.jpg,positive
negative_normalizedcut1vertmirror7_combined.jpg,negative
negative_normalizedcut1horizmirror7_combined.jpg,negative
negative_normalizedcut2vertmirror7_combined.jpg,negative
negative_normalizedcut2horizmirror7_combined.jpg,negative
positive_normalizedcut3vertmirror7_combined.jpg,positive
positive_normalizedcut3horizmirror7_combined.jpg,positive
positive_normalizedcut4vertmirror7_combined.jpg,positive
positive_normalizedcut4horizmirror7_combined.jpg,positive
negative_normalizedcut5vertmirror7_combined.jpg,negative
negative_normalizedcut5horizmirror7_combined.jpg,negative
negative_normalizedcut6vertmirror7_combined.jpg,negative
negative_normalizedcut6horizmirror7_combined.jpg,negative
negative_normalizedcut7vertmirror7_combined.jpg,negative
negative_normalizedcut7horizmirror7_combined.jpg,negative
negative_normalizedcut8vertmirror7_combined.jpg,negative
negative_normalizedcut8horizmirror7_combined.jpg,negative
positive_normalizedcut9vertmirror7_combined.jpg,positive
positive_normalizedcut9horizmirror7_combined.jpg,positive
negative_normalizedcut10vertmirror7_combined.jpg,negative
negative_normalizedcut10horizmirror7_combined.jpg,negative
positive_whole_rotvertmirror7_combined.jpg,positive
positive_whole_rothorizmirror7_combined.jpg,positive
positive_whole_rot90vertmirror7_combined.jpg,positive
positive_whole_rot90horizmirror7_combined.jpg,positive
positive_whole_rot180vertmirror7_combined.jpg,positive
positive_whole_rot180horizmirror7_combined.jpg,positive
positive_whole_rot270vertmirror7_combined.jpg,positive
positive_whole_rot270horizmirror7_combined.jpg,positive
negative_normalizedcut1_rotvertmirror7_combined.jpg,negative
negative_normalizedcut1_rothorizmirror7_combined.jpg,negative
negative_normalizedcut1_rot90vertmirror7_combined.jpg,negative
negative_normalizedcut1_rot90horizmirror7_combined.jpg,negative
negative_normalizedcut1_rot180vertmirror7_combined.jpg,negative
negative_normalizedcut1_rot180horizmirror7_combined.jpg,negative
negative_normalizedcut1_rot270vertmirror7_combined.jpg,negative
negative_normalizedcut1_rot270horizmirror7_combined.jpg,negative
negative_normalizedcut2_rotvertmirror7_combined.jpg,negative
negative_normalizedcut2_rothorizmirror7_combined.jpg,negative
negative_normalizedcut2_rot90vertmirror7_combined.jpg,negative
negative_normalizedcut2_rot90horizmirror7_combined.jpg,negative
negative_normalizedcut2_rot180vertmirror7_combined.jpg,negative
negative_normalizedcut2_rot180horizmirror7_combined.jpg,negative
negative_normalizedcut2_rot270vertmirror7_combined.jpg,negative
negative_normalizedcut2_rot270horizmirror7_combined.jpg,negative
positive_normalizedcut3_rotvertmirror7_combined.jpg,positive
positive_normalizedcut3_rothorizmirror7_combined.jpg,positive
positive_normalizedcut3_rot90vertmirror7_combined.jpg,positive
positive_normalizedcut3_rot90horizmirror7_combined.jpg,positive
positive_normalizedcut3_rot180vertmirror7_combined.jpg,positive
positive_normalizedcut3_rot180horizmirror7_combined.jpg,positive
positive_normalizedcut3_rot270vertmirror7_combined.jpg,positive
positive_normalizedcut3_rot270horizmirror7_combined.jpg,positive
positive_normalizedcut4_rotvertmirror7_combined.jpg,positive
positive_normalizedcut4_rothorizmirror7_combined.jpg,positive
positive_normalizedcut4_rot90vertmirror7_combined.jpg,positive
positive_normalizedcut4_rot90horizmirror7_combined.jpg,positive
positive_normalizedcut4_rot180vertmirror7_combined.jpg,positive
positive_normalizedcut4_rot180horizmirror7_combined.jpg,positive
positive_normalizedcut4_rot270vertmirror7_combined.jpg,positive
positive_normalizedcut4_rot270horizmirror7_combined.jpg,positive
negative_normalizedcut5_rotvertmirror7_combined.jpg,negative
negative_normalizedcut5_rothorizmirror7_combined.jpg,negative
negative_normalizedcut5_rot90vertmirror7_combined.jpg,negative
negative_normalizedcut5_rot90horizmirror7_combined.jpg,negative
negative_normalizedcut5_rot180vertmirror7_combined.jpg,negative
negative_normalizedcut5_rot180horizmirror7_combined.jpg,negative
negative_normalizedcut5_rot270vertmirror7_combined.jpg,negative
negative_normalizedcut5_rot270horizmirror7_combined.jpg,negative
negative_normalizedcut6_rotvertmirror7_combined.jpg,negative
negative_normalizedcut6_rothorizmirror7_combined.jpg,negative
negative_normalizedcut6_rot90vertmirror7_combined.jpg,negative
negative_normalizedcut6_rot90horizmirror7_combined.jpg,negative
negative_normalizedcut6_rot180vertmirror7_combined.jpg,negative
negative_normalizedcut6_rot180horizmirror7_combined.jpg,negative
negative_normalizedcut6_rot270vertmirror7_combined.jpg,negative
negative_normalizedcut6_rot270horizmirror7_combined.jpg,negative
negative_normalizedcut7_rotvertmirror7_combined.jpg,negative
negative_normalizedcut7_rothorizmirror7_combined.jpg,negative
negative_normalizedcut7_rot90vertmirror7_combined.jpg,negative
negative_normalizedcut7_rot90horizmirror7_combined.jpg,negative
negative_normalizedcut7_rot180vertmirror7_combined.jpg,negative
negative_normalizedcut7_rot180horizmirror7_combined.jpg,negative
negative_normalizedcut7_rot270vertmirror7_combined.jpg,negative
negative_normalizedcut7_rot270horizmirror7_combined.jpg,negative
negative_normalizedcut8_rotvertmirror7_combined.jpg,negative
negative_normalizedcut8_rothorizmirror7_combined.jpg,negative
negative_normalizedcut8_rot90vertmirror7_combined.jpg,negative
negative_normalizedcut8_rot90horizmirror7_combined.jpg,negative
negative_normalizedcut8_rot180vertmirror7_combined.jpg,negative
negative_normalizedcut8_rot180horizmirror7_combined.jpg,negative
negative_normalizedcut8_rot270vertmirror7_combined.jpg,negative
negative_normalizedcut8_rot270horizmirror7_combined.jpg,negative
positive_normalizedcut9_rotvertmirror7_combined.jpg,positive
positive_normalizedcut9_rothorizmirror7_combined.jpg,positive
positive_normalizedcut9_rot90vertmirror7_combined.jpg,positive
positive_normalizedcut9_rot90horizmirror7_combined.jpg,positive
positive_normalizedcut9_rot180vertmirror7_combined.jpg,positive
positive_normalizedcut9_rot180horizmirror7_combined.jpg,positive
positive_normalizedcut9_rot270vertmirror7_combined.jpg,positive
positive_normalizedcut9_rot270horizmirror7_combined.jpg,positive
negative_normalizedcut10_rotvertmirror7_combined.jpg,negative
negative_normalizedcut10_rothorizmirror7_combined.jpg,negative
negative_normalizedcut10_rot90vertmirror7_combined.jpg,negative
negative_normalizedcut10_rot90horizmirror7_combined.jpg,negative
negative_normalizedcut10_rot180vertmirror7_combined.jpg,negative
negative_normalizedcut10_rot180horizmirror7_combined.jpg,negative
negative_normalizedcut10_rot270vertmirror7_combined.jpg,negative
negative_normalizedcut10_rot270horizmirror7_combined.jpg,negative
positive_whole8_combined.jpg,positive
negative_normalizedcut18_combined.jpg,negative
negative_normalizedcut28_combined.jpg,negative
positive_normalizedcut38_combined.jpg,positive
positive_normalizedcut48_combined.jpg,positive
negative_normalizedcut58_combined.jpg,negative
negative_normalizedcut68_combined.jpg,negative
negative_normalizedcut78_combined.jpg,negative
negative_normalizedcut88_combined.jpg,negative
positive_normalizedcut98_combined.jpg,positive
negative_normalizedcut108_combined.jpg,negative
positive_whole_rot8_combined.jpg,positive
positive_whole_rot908_combined.jpg,positive
positive_whole_rot1808_combined.jpg,positive
positive_whole_rot2708_combined.jpg,positive
negative_normalizedcut1_rot8_combined.jpg,negative
negative_normalizedcut1_rot908_combined.jpg,negative
negative_normalizedcut1_rot1808_combined.jpg,negative
negative_normalizedcut1_rot2708_combined.jpg,negative
negative_normalizedcut2_rot8_combined.jpg,negative
negative_normalizedcut2_rot908_combined.jpg,negative
negative_normalizedcut2_rot1808_combined.jpg,negative
negative_normalizedcut2_rot2708_combined.jpg,negative
positive_normalizedcut3_rot8_combined.jpg,positive
positive_normalizedcut3_rot908_combined.jpg,positive
positive_normalizedcut3_rot1808_combined.jpg,positive
positive_normalizedcut3_rot2708_combined.jpg,positive
positive_normalizedcut4_rot8_combined.jpg,positive
positive_normalizedcut4_rot908_combined.jpg,positive
positive_normalizedcut4_rot1808_combined.jpg,positive
positive_normalizedcut4_rot2708_combined.jpg,positive
negative_normalizedcut5_rot8_combined.jpg,negative
negative_normalizedcut5_rot908_combined.jpg,negative
negative_normalizedcut5_rot1808_combined.jpg,negative
negative_normalizedcut5_rot2708_combined.jpg,negative
negative_normalizedcut6_rot8_combined.jpg,negative
negative_normalizedcut6_rot908_combined.jpg,negative
negative_normalizedcut6_rot1808_combined.jpg,negative
negative_normalizedcut6_rot2708_combined.jpg,negative
negative_normalizedcut7_rot8_combined.jpg,negative
negative_normalizedcut7_rot908_combined.jpg,negative
negative_normalizedcut7_rot1808_combined.jpg,negative
negative_normalizedcut7_rot2708_combined.jpg,negative
negative_normalizedcut8_rot8_combined.jpg,negative
negative_normalizedcut8_rot908_combined.jpg,negative
negative_normalizedcut8_rot1808_combined.jpg,negative
negative_normalizedcut8_rot2708_combined.jpg,negative
positive_normalizedcut9_rot8_combined.jpg,positive
positive_normalizedcut9_rot908_combined.jpg,positive
positive_normalizedcut9_rot1808_combined.jpg,positive
positive_normalizedcut9_rot2708_combined.jpg,positive
negative_normalizedcut10_rot8_combined.jpg,negative
negative_normalizedcut10_rot908_combined.jpg,negative
negative_normalizedcut10_rot1808_combined.jpg,negative
negative_normalizedcut10_rot2708_combined.jpg,negative
positive_wholevertmirror8_combined.jpg,positive
positive_wholehorizmirror8_combined.jpg,positive
negative_normalizedcut1vertmirror8_combined.jpg,negative
negative_normalizedcut1horizmirror8_combined.jpg,negative
negative_normalizedcut2vertmirror8_combined.jpg,negative
negative_normalizedcut2horizmirror8_combined.jpg,negative
positive_normalizedcut3vertmirror8_combined.jpg,positive
positive_normalizedcut3horizmirror8_combined.jpg,positive
positive_normalizedcut4vertmirror8_combined.jpg,positive
positive_normalizedcut4horizmirror8_combined.jpg,positive
negative_normalizedcut5vertmirror8_combined.jpg,negative
negative_normalizedcut5horizmirror8_combined.jpg,negative
negative_normalizedcut6vertmirror8_combined.jpg,negative
negative_normalizedcut6horizmirror8_combined.jpg,negative
negative_normalizedcut7vertmirror8_combined.jpg,negative
negative_normalizedcut7horizmirror8_combined.jpg,negative
negative_normalizedcut8vertmirror8_combined.jpg,negative
negative_normalizedcut8horizmirror8_combined.jpg,negative
positive_normalizedcut9vertmirror8_combined.jpg,positive
positive_normalizedcut9horizmirror8_combined.jpg,positive
negative_normalizedcut10vertmirror8_combined.jpg,negative
negative_normalizedcut10horizmirror8_combined.jpg,negative
positive_whole_rotvertmirror8_combined.jpg,positive
positive_whole_rothorizmirror8_combined.jpg,positive
positive_whole_rot90vertmirror8_combined.jpg,positive
positive_whole_rot90horizmirror8_combined.jpg,positive
positive_whole_rot180vertmirror8_combined.jpg,positive
positive_whole_rot180horizmirror8_combined.jpg,positive
positive_whole_rot270vertmirror8_combined.jpg,positive
positive_whole_rot270horizmirror8_combined.jpg,positive
negative_normalizedcut1_rotvertmirror8_combined.jpg,negative
negative_normalizedcut1_rothorizmirror8_combined.jpg,negative
negative_normalizedcut1_rot90vertmirror8_combined.jpg,negative
negative_normalizedcut1_rot90horizmirror8_combined.jpg,negative
negative_normalizedcut1_rot180vertmirror8_combined.jpg,negative
negative_normalizedcut1_rot180horizmirror8_combined.jpg,negative
negative_normalizedcut1_rot270vertmirror8_combined.jpg,negative
negative_normalizedcut1_rot270horizmirror8_combined.jpg,negative
negative_normalizedcut2_rotvertmirror8_combined.jpg,negative
negative_normalizedcut2_rothorizmirror8_combined.jpg,negative
negative_normalizedcut2_rot90vertmirror8_combined.jpg,negative
negative_normalizedcut2_rot90horizmirror8_combined.jpg,negative
negative_normalizedcut2_rot180vertmirror8_combined.jpg,negative
negative_normalizedcut2_rot180horizmirror8_combined.jpg,negative
negative_normalizedcut2_rot270vertmirror8_combined.jpg,negative
negative_normalizedcut2_rot270horizmirror8_combined.jpg,negative
positive_normalizedcut3_rotvertmirror8_combined.jpg,positive
positive_normalizedcut3_rothorizmirror8_combined.jpg,positive
positive_normalizedcut3_rot90vertmirror8_combined.jpg,positive
positive_normalizedcut3_rot90horizmirror8_combined.jpg,positive
positive_normalizedcut3_rot180vertmirror8_combined.jpg,positive
positive_normalizedcut3_rot180horizmirror8_combined.jpg,positive
positive_normalizedcut3_rot270vertmirror8_combined.jpg,positive
positive_normalizedcut3_rot270horizmirror8_combined.jpg,positive
positive_normalizedcut4_rotvertmirror8_combined.jpg,positive
positive_normalizedcut4_rothorizmirror8_combined.jpg,positive
positive_normalizedcut4_rot90vertmirror8_combined.jpg,positive
positive_normalizedcut4_rot90horizmirror8_combined.jpg,positive
positive_normalizedcut4_rot180vertmirror8_combined.jpg,positive
positive_normalizedcut4_rot180horizmirror8_combined.jpg,positive
positive_normalizedcut4_rot270vertmirror8_combined.jpg,positive
positive_normalizedcut4_rot270horizmirror8_combined.jpg,positive
negative_normalizedcut5_rotvertmirror8_combined.jpg,negative
negative_normalizedcut5_rothorizmirror8_combined.jpg,negative
negative_normalizedcut5_rot90vertmirror8_combined.jpg,negative
negative_normalizedcut5_rot90horizmirror8_combined.jpg,negative
negative_normalizedcut5_rot180vertmirror8_combined.jpg,negative
negative_normalizedcut5_rot180horizmirror8_combined.jpg,negative
negative_normalizedcut5_rot270vertmirror8_combined.jpg,negative
negative_normalizedcut5_rot270horizmirror8_combined.jpg,negative
negative_normalizedcut6_rotvertmirror8_combined.jpg,negative
negative_normalizedcut6_rothorizmirror8_combined.jpg,negative
negative_normalizedcut6_rot90vertmirror8_combined.jpg,negative
negative_normalizedcut6_rot90horizmirror8_combined.jpg,negative
negative_normalizedcut6_rot180vertmirror8_combined.jpg,negative
negative_normalizedcut6_rot180horizmirror8_combined.jpg,negative
negative_normalizedcut6_rot270vertmirror8_combined.jpg,negative
negative_normalizedcut6_rot270horizmirror8_combined.jpg,negative
negative_normalizedcut7_rotvertmirror8_combined.jpg,negative
negative_normalizedcut7_rothorizmirror8_combined.jpg,negative
negative_normalizedcut7_rot90vertmirror8_combined.jpg,negative
negative_normalizedcut7_rot90horizmirror8_combined.jpg,negative
negative_normalizedcut7_rot180vertmirror8_combined.jpg,negative
negative_normalizedcut7_rot180horizmirror8_combined.jpg,negative
negative_normalizedcut7_rot270vertmirror8_combined.jpg,negative
negative_normalizedcut7_rot270horizmirror8_combined.jpg,negative
negative_normalizedcut8_rotvertmirror8_combined.jpg,negative
negative_normalizedcut8_rothorizmirror8_combined.jpg,negative
negative_normalizedcut8_rot90vertmirror8_combined.jpg,negative
negative_normalizedcut8_rot90horizmirror8_combined.jpg,negative
negative_normalizedcut8_rot180vertmirror8_combined.jpg,negative
negative_normalizedcut8_rot180horizmirror8_combined.jpg,negative
negative_normalizedcut8_rot270vertmirror8_combined.jpg,negative
negative_normalizedcut8_rot270horizmirror8_combined.jpg,negative
positive_normalizedcut9_rotvertmirror8_combined.jpg,positive
positive_normalizedcut9_rothorizmirror8_combined.jpg,positive
positive_normalizedcut9_rot90vertmirror8_combined.jpg,positive
positive_normalizedcut9_rot90horizmirror8_combined.jpg,positive
positive_normalizedcut9_rot180vertmirror8_combined.jpg,positive
positive_normalizedcut9_rot180horizmirror8_combined.jpg,positive
positive_normalizedcut9_rot270vertmirror8_combined.jpg,positive
positive_normalizedcut9_rot270horizmirror8_combined.jpg,positive
negative_normalizedcut10_rotvertmirror8_combined.jpg,negative
negative_normalizedcut10_rothorizmirror8_combined.jpg,negative
negative_normalizedcut10_rot90vertmirror8_combined.jpg,negative
negative_normalizedcut10_rot90horizmirror8_combined.jpg,negative
negative_normalizedcut10_rot180vertmirror8_combined.jpg,negative
negative_normalizedcut10_rot180horizmirror8_combined.jpg,negative
negative_normalizedcut10_rot270vertmirror8_combined.jpg,negative
negative_normalizedcut10_rot270horizmirror8_combined.jpg,negative
